imgEllipse175	imgEllipse175.png	ok	4797
imgEllipse176	imgEllipse176.png	ok	4880
imgEllipse177	imgEllipse177.png	ok	5348
imgRectangle274	imgRectangle274.png	ok	2599
imgRectangle275	imgRectangle275.png	ok	3337
imgRectangle276	imgRectangle276.png	ok	5472
imgRectangle277	imgRectangle277.png	ok	2449
imgRectangle278	imgRectangle278.png	ok	2759
imgRectangle302	imgRectangle302.png	ok	696
imgRectangle328	imgRectangle328.svg	ok	347
imgStandardCollection27	imgStandardCollection27.svg	ok	2501
imgBxBxsCheckCircle	imgBxBxsCheckCircle.svg	ok	746
imgBxBxsCheckCircle1	imgBxBxsCheckCircle1.svg	ok	746
imgBxBxsCheckCircle2	imgBxBxsCheckCircle2.svg	ok	749
imgBxBxsCheckCircle3	imgBxBxsCheckCircle3.svg	ok	748
imgGroup1300	imgGroup1300.svg	ok	997
imgButtonNonactLeft	imgButtonNonactLeft.svg	ok	1491
imgButtonActRight	imgButtonActRight.svg	ok	2287
imgAntDesignStarFilled	imgAntDesignStarFilled.svg	ok	1082
imgAntDesignStarFilled1	imgAntDesignStarFilled1.svg	ok	1085
imgAntDesignStarFilled2	imgAntDesignStarFilled2.svg	ok	1082
imgSocmedFacebook	imgSocmedFacebook.svg	ok	1515
imgSocmedTwitter	imgSocmedTwitter.svg	ok	2405
imgSocmedInstagram	imgSocmedInstagram.svg	ok	3391
imgHugeGlobal	imgHugeGlobal.svg	ok	185151
imgStandardCollection28	imgStandardCollection28.svg	ok	2501
imgVector14	imgVector14.svg	ok	313
imgGridiconsLocation	imgGridiconsLocation.svg	ok	1243
imgGroup	imgGroup.svg	ok	1097
imgBxBxsServer	imgBxBxsServer.svg	ok	1964
imgJamCheck	imgJamCheck.svg	ok	1110
imgJamCheck1	imgJamCheck1.svg	ok	1108
imgJamCheck2	imgJamCheck2.svg	ok	1104
imgJamCheck3	imgJamCheck3.svg	ok	1100
imgJamCheck4	imgJamCheck4.svg	ok	1112
imgJamCheck5	imgJamCheck5.svg	ok	1103
imgJamCheck6	imgJamCheck6.svg	ok	1105
imgJamCheck7	imgJamCheck7.svg	ok	1104
imgJamCheck8	imgJamCheck8.svg	ok	1104
imgJamCheck9	imgJamCheck9.svg	ok	1109
imgJamCheck10	imgJamCheck10.svg	ok	1097
imgJamCheck11	imgJamCheck11.svg	ok	1094
imgJamCheck12	imgJamCheck12.svg	ok	1105
imgJamCheck13	imgJamCheck13.svg	ok	1106
imgJamCheck14	imgJamCheck14.svg	ok	1104
imgVector28	imgVector28.svg	ok	867
imgEllipse185	imgEllipse185.svg	ok	288
imgVector27	imgVector27.svg	ok	729
imgMaskGroup	imgMaskGroup.svg	ok	877
imgVector17	imgVector17.svg	ok	635
imgVector19	imgVector19.svg	ok	341
imgVector26	imgVector26.svg	ok	301
imgVector18	imgVector18.svg	ok	578
imgVector20	imgVector20.svg	ok	459
imgEllipse183	imgEllipse183.svg	ok	280
imgEllipse184	imgEllipse184.svg	ok	288
imgVector24	imgVector24.svg	ok	416
imgSubtract	imgSubtract.svg	ok	1050
imgVector25	imgVector25.svg	ok	443
imgVector29	imgVector29.svg	ok	950
imgVector30	imgVector30.svg	ok	1054
imgRectangle289	imgRectangle289.svg	ok	339
imgRectangle288	imgRectangle288.svg	ok	745
imgVector31	imgVector31.svg	ok	295
imgVector32	imgVector32.svg	ok	336
imgVector33	imgVector33.svg	ok	296
imgVector34	imgVector34.svg	ok	294
imgVector35	imgVector35.svg	ok	297
imgVector36	imgVector36.svg	ok	297
imgVector39	imgVector39.svg	ok	326
imgVector40	imgVector40.svg	ok	330
imgVector41	imgVector41.svg	ok	330
imgVector42	imgVector42.svg	ok	297
imgEllipse186	imgEllipse186.svg	ok	286
imgGroup1256	imgGroup1256.svg	ok	1360
imgVector47	imgVector47.svg	ok	871
imgVector48	imgVector48.svg	ok	329
imgVector49	imgVector49.svg	ok	330
imgGroup1257	imgGroup1257.svg	ok	1408
imgVector50	imgVector50.svg	ok	297
imgVector51	imgVector51.svg	ok	375
imgGroup1260	imgGroup1260.svg	ok	618
imgGroup1259	imgGroup1259.svg	ok	1905
imgIllustrationStandard	imgIllustrationStandard.svg	ok	12366
imgIllustrationFree	imgIllustrationFree.svg	ok	11851
imgIllustrationPremium	imgIllustrationPremium.svg	ok	12727
imgVector92	imgVector92.svg	ok	773
imgVector52	imgVector52.svg	ok	866
imgVector91	imgVector91.svg	ok	713
imgVector79	imgVector79.svg	ok	293
imgVector83	imgVector83.svg	ok	616
imgMaskGroup1	imgMaskGroup1.svg	ok	987
imgVector77	imgVector77.svg	ok	635
imgVector89	imgVector89.svg	ok	297
imgVector90	imgVector90.svg	ok	297
imgVector78	imgVector78.svg	ok	586
imgVector80	imgVector80.svg	ok	1377
imgRectangle317	imgRectangle317.svg	ok	1031
imgRectangle318	imgRectangle318.svg	ok	1035
imgVector87	imgVector87.svg	ok	469
imgVector88	imgVector88.svg	ok	469
imgSubtract1	imgSubtract1.svg	ok	1471
imgGroup1272	imgGroup1272.svg	ok	909
imgGroup1276	imgGroup1276.svg	ok	4021
imgGroup1296	imgGroup1296.svg	ok	4041
imgGroup1293	imgGroup1293.svg	ok	577
imgGroup1299	imgGroup1299.svg	ok	572
imgGroup1297	imgGroup1297.svg	ok	579
imgGroup1298	imgGroup1298.svg	ok	567
imgGroup1294	imgGroup1294.svg	ok	579
